Source MAC,Destination MAC,Protocol,Source IP,Destination IP,Source Port,Destination Port,TCP Flags,Timestamp,Packet Length
08:00:27:32:1e:62,52:54:00:12:35:02,UDP,10.0.2.15,192.168.253.26,46236,53,N/A,1735893150.4464402,88
08:00:27:32:1e:62,52:54:00:12:35:02,UDP,10.0.2.15,192.168.253.26,46236,53,N/A,1735893150.4479835,88
08:00:27:32:1e:62,52:54:00:12:35:02,UDP,10.0.2.15,192.168.253.26,39187,53,N/A,1735893150.812283,95
08:00:27:32:1e:62,52:54:00:12:35:02,UDP,10.0.2.15,192.168.253.26,39187,53,N/A,1735893150.8130836,95
08:00:27:32:1e:62,52:54:00:12:35:02,UDP,10.0.2.15,192.168.253.26,54149,53,N/A,1735893151.4305694,87
08:00:27:32:1e:62,52:54:00:12:35:02,UDP,10.0.2.15,192.168.253.26,54149,53,N/A,1735893151.4334056,87
08:00:27:32:1e:62,52:54:00:12:35:02,UDP,10.0.2.15,192.168.253.26,51472,53,N/A,1735893151.4507735,71
08:00:27:32:1e:62,52:54:00:12:35:02,UDP,10.0.2.15,192.168.253.26,60529,53,N/A,1735893151.45443,71
08:00:27:32:1e:62,52:54:00:12:35:02,UDP,10.0.2.15,192.168.253.26,60529,53,N/A,1735893151.459824,71
08:00:27:32:1e:62,52:54:00:12:35:02,UDP,10.0.2.15,192.168.253.26,39527,53,N/A,1735893151.4640613,73
08:00:27:32:1e:62,52:54:00:12:35:02,UDP,10.0.2.15,192.168.253.26,39527,53,N/A,1735893151.4679477,73
08:00:27:32:1e:62,52:54:00:12:35:02,UDP,10.0.2.15,192.168.253.26,39725,53,N/A,1735893151.4704678,84
08:00:27:32:1e:62,52:54:00:12:35:02,UDP,10.0.2.15,192.168.253.26,58826,53,N/A,1735893151.471933,84
08:00:27:32:1e:62,52:54:00:12:35:02,UDP,10.0.2.15,192.168.253.26,58826,53,N/A,1735893151.4730966,84
08:00:27:32:1e:62,52:54:00:12:35:02,UDP,10.0.2.15,192.168.253.26,46236,53,N/A,1735893155.4459064,88
08:00:27:32:1e:62,52:54:00:12:35:02,UDP,10.0.2.15,192.168.253.26,46236,53,N/A,1735893155.4467773,88
08:00:27:32:1e:62,52:54:00:12:35:02,UDP,10.0.2.15,192.168.253.26,39187,53,N/A,1735893155.8225257,95
08:00:27:32:1e:62,52:54:00:12:35:02,UDP,10.0.2.15,192.168.253.26,39187,53,N/A,1735893155.8269129,95
08:00:27:32:1e:62,52:54:00:12:35:02,UDP,10.0.2.15,192.168.253.26,54149,53,N/A,1735893156.435372,87
08:00:27:32:1e:62,52:54:00:12:35:02,UDP,10.0.2.15,192.168.253.26,54149,53,N/A,1735893156.4972398,87
08:00:27:32:1e:62,52:54:00:12:35:02,UDP,10.0.2.15,192.168.253.26,60529,53,N/A,1735893156.499026,71
08:00:27:32:1e:62,52:54:00:12:35:02,UDP,10.0.2.15,192.168.253.26,60529,53,N/A,1735893156.503863,71
08:00:27:32:1e:62,52:54:00:12:35:02,UDP,10.0.2.15,192.168.253.26,58826,53,N/A,1735893156.504696,84
08:00:27:32:1e:62,52:54:00:12:35:02,UDP,10.0.2.15,192.168.253.26,58826,53,N/A,1735893156.5054991,84
08:00:27:32:1e:62,52:54:00:12:35:02,UDP,10.0.2.15,192.168.253.26,39527,53,N/A,1735893156.5080597,73
08:00:27:32:1e:62,52:54:00:12:35:02,UDP,10.0.2.15,192.168.253.26,39527,53,N/A,1735893156.5100052,73
08:00:27:32:1e:62,52:54:00:12:35:02,UDP,10.0.2.15,192.168.253.26,39725,53,N/A,1735893156.511269,84
08:00:27:32:1e:62,52:54:00:12:35:02,UDP,10.0.2.15,192.168.253.26,51472,53,N/A,1735893156.5124922,71
08:00:27:32:1e:62,52:54:00:12:35:02,UDP,10.0.2.15,192.168.253.26,38061,53,N/A,1735893160.4495208,88
08:00:27:32:1e:62,52:54:00:12:35:02,UDP,10.0.2.15,192.168.253.26,38061,53,N/A,1735893160.4502044,88
08:00:27:32:1e:62,52:54:00:12:35:02,UDP,10.0.2.15,192.168.253.26,42335,53,N/A,1735893160.8281202,95
08:00:27:32:1e:62,52:54:00:12:35:02,UDP,10.0.2.15,192.168.253.26,42335,53,N/A,1735893160.8288238,95
08:00:27:32:1e:62,52:54:00:12:35:02,UDP,10.0.2.15,192.168.253.26,50992,53,N/A,1735893161.437542,87
08:00:27:32:1e:62,52:54:00:12:35:02,UDP,10.0.2.15,192.168.253.26,50992,53,N/A,1735893161.4399717,87
08:00:27:32:1e:62,52:54:00:12:35:02,UDP,10.0.2.15,192.168.253.26,44862,53,N/A,1735893161.5208654,73
08:00:27:32:1e:62,52:54:00:12:35:02,UDP,10.0.2.15,192.168.253.26,44862,53,N/A,1735893161.522387,73
08:00:27:32:1e:62,52:54:00:12:35:02,UDP,10.0.2.15,192.168.253.26,40907,53,N/A,1735893161.52316,84
08:00:27:32:1e:62,52:54:00:12:35:02,UDP,10.0.2.15,192.168.253.26,40907,53,N/A,1735893161.5243986,84
08:00:27:32:1e:62,52:54:00:12:35:02,UDP,10.0.2.15,192.168.253.26,43501,53,N/A,1735893161.5250876,71
08:00:27:32:1e:62,52:54:00:12:35:02,UDP,10.0.2.15,192.168.253.26,43501,53,N/A,1735893161.5257428,71
08:00:27:32:1e:62,52:54:00:12:35:02,UDP,10.0.2.15,192.168.253.26,41840,53,N/A,1735893161.526166,84
08:00:27:32:1e:62,52:54:00:12:35:02,UDP,10.0.2.15,192.168.253.26,42374,53,N/A,1735893161.5265486,71
08:00:27:32:1e:62,52:54:00:12:35:02,UDP,10.0.2.15,192.168.253.26,38061,53,N/A,1735893165.4537501,88
08:00:27:32:1e:62,52:54:00:12:35:02,UDP,10.0.2.15,192.168.253.26,38061,53,N/A,1735893165.4559112,88
08:00:27:32:1e:62,52:54:00:12:35:02,UDP,10.0.2.15,192.168.253.26,42335,53,N/A,1735893165.8288484,95
08:00:27:32:1e:62,52:54:00:12:35:02,UDP,10.0.2.15,192.168.253.26,42335,53,N/A,1735893165.829851,95
08:00:27:32:1e:62,52:54:00:12:35:02,UDP,10.0.2.15,192.168.253.26,50992,53,N/A,1735893166.4438865,87
08:00:27:32:1e:62,52:54:00:12:35:02,UDP,10.0.2.15,192.168.253.26,50992,53,N/A,1735893166.4454353,87
08:00:27:32:1e:62,52:54:00:12:35:02,UDP,10.0.2.15,192.168.253.26,40907,53,N/A,1735893166.5048969,84
08:00:27:32:1e:62,52:54:00:12:35:02,UDP,10.0.2.15,192.168.253.26,40907,53,N/A,1735893166.5065496,84
08:00:27:32:1e:62,52:54:00:12:35:02,UDP,10.0.2.15,192.168.253.26,43501,53,N/A,1735893166.5076337,71
08:00:27:32:1e:62,52:54:00:12:35:02,UDP,10.0.2.15,192.168.253.26,44862,53,N/A,1735893166.5086603,73
08:00:27:32:1e:62,52:54:00:12:35:02,UDP,10.0.2.15,192.168.253.26,44862,53,N/A,1735893166.50938,73
08:00:27:32:1e:62,52:54:00:12:35:02,UDP,10.0.2.15,192.168.253.26,43501,53,N/A,1735893166.5098116,71
08:00:27:32:1e:62,52:54:00:12:35:02,UDP,10.0.2.15,192.168.253.26,42374,53,N/A,1735893166.5105958,71
08:00:27:32:1e:62,52:54:00:12:35:02,UDP,10.0.2.15,192.168.253.26,41840,53,N/A,1735893166.511384,84
08:00:27:32:1e:62,52:54:00:12:35:02,UDP,10.0.2.15,192.168.253.26,44056,53,N/A,1735893170.4672472,88
08:00:27:32:1e:62,52:54:00:12:35:02,UDP,10.0.2.15,192.168.253.26,44056,53,N/A,1735893170.4688044,88
08:00:27:32:1e:62,52:54:00:12:35:02,UDP,10.0.2.15,192.168.253.26,59729,53,N/A,1735893170.8500774,95
08:00:27:32:1e:62,52:54:00:12:35:02,UDP,10.0.2.15,192.168.253.26,59729,53,N/A,1735893170.8510327,95
08:00:27:32:1e:62,52:54:00:12:35:02,UDP,10.0.2.15,192.168.253.26,34930,53,N/A,1735893171.4459088,87
08:00:27:32:1e:62,52:54:00:12:35:02,UDP,10.0.2.15,192.168.253.26,34930,53,N/A,1735893171.4467123,87
08:00:27:32:1e:62,52:54:00:12:35:02,UDP,10.0.2.15,192.168.253.26,59473,53,N/A,1735893171.5100439,85
08:00:27:32:1e:62,52:54:00:12:35:02,UDP,10.0.2.15,192.168.253.26,47668,53,N/A,1735893171.5121813,97
08:00:27:32:1e:62,52:54:00:12:35:02,UDP,10.0.2.15,192.168.253.26,47668,53,N/A,1735893171.5133135,97
08:00:27:32:1e:62,52:54:00:12:35:02,UDP,10.0.2.15,192.168.253.26,59473,53,N/A,1735893171.5137727,85
08:00:27:32:1e:62,52:54:00:12:35:02,UDP,10.0.2.15,192.168.253.26,51132,53,N/A,1735893171.5141883,75
08:00:27:32:1e:62,52:54:00:12:35:02,UDP,10.0.2.15,192.168.253.26,51132,53,N/A,1735893171.5145571,75
08:00:27:32:1e:62,52:54:00:12:35:02,UDP,10.0.2.15,192.168.253.26,54919,53,N/A,1735893171.5157654,84
08:00:27:32:1e:62,52:54:00:12:35:02,UDP,10.0.2.15,192.168.253.26,54919,53,N/A,1735893171.5166633,84
08:00:27:32:1e:62,52:54:00:12:35:02,UDP,10.0.2.15,192.168.253.26,54472,53,N/A,1735893171.5178025,71
08:00:27:32:1e:62,52:54:00:12:35:02,UDP,10.0.2.15,192.168.253.26,44056,53,N/A,1735893175.465131,88
08:00:27:32:1e:62,52:54:00:12:35:02,UDP,10.0.2.15,192.168.253.26,44056,53,N/A,1735893175.4657843,88
08:00:27:32:1e:62,52:54:00:12:35:02,UDP,10.0.2.15,192.168.253.26,59729,53,N/A,1735893175.8561149,95
08:00:27:32:1e:62,52:54:00:12:35:02,UDP,10.0.2.15,192.168.253.26,59729,53,N/A,1735893175.8576856,95
08:00:27:32:1e:62,52:54:00:12:35:02,UDP,10.0.2.15,192.168.253.26,34930,53,N/A,1735893176.45256,87
08:00:27:32:1e:62,52:54:00:12:35:02,UDP,10.0.2.15,192.168.253.26,34930,53,N/A,1735893176.4539406,87
08:00:27:32:1e:62,52:54:00:12:35:02,UDP,10.0.2.15,192.168.253.26,47668,53,N/A,1735893176.5128875,97
08:00:27:32:1e:62,52:54:00:12:35:02,UDP,10.0.2.15,192.168.253.26,47668,53,N/A,1735893176.514196,97
08:00:27:32:1e:62,52:54:00:12:35:02,UDP,10.0.2.15,192.168.253.26,51132,53,N/A,1735893176.5148284,75
08:00:27:32:1e:62,52:54:00:12:35:02,UDP,10.0.2.15,192.168.253.26,51132,53,N/A,1735893176.5153856,75
08:00:27:32:1e:62,52:54:00:12:35:02,UDP,10.0.2.15,192.168.253.26,59473,53,N/A,1735893176.5158746,85
08:00:27:32:1e:62,52:54:00:12:35:02,UDP,10.0.2.15,192.168.253.26,59473,53,N/A,1735893176.5163267,85
08:00:27:32:1e:62,52:54:00:12:35:02,UDP,10.0.2.15,192.168.253.26,54919,53,N/A,1735893176.5173466,84
08:00:27:32:1e:62,52:54:00:12:35:02,UDP,10.0.2.15,192.168.253.26,54919,53,N/A,1735893176.5185442,84
08:00:27:32:1e:62,52:54:00:12:35:02,UDP,10.0.2.15,192.168.253.26,54472,53,N/A,1735893176.5220423,71
08:00:27:32:1e:62,52:54:00:12:35:02,UDP,10.0.2.15,192.168.253.26,36336,53,N/A,1735893180.4733021,88
08:00:27:32:1e:62,52:54:00:12:35:02,UDP,10.0.2.15,192.168.253.26,36336,53,N/A,1735893180.4764726,88
08:00:27:32:1e:62,52:54:00:12:35:02,UDP,10.0.2.15,192.168.253.26,44529,53,N/A,1735893180.8638659,95
08:00:27:32:1e:62,52:54:00:12:35:02,UDP,10.0.2.15,192.168.253.26,44529,53,N/A,1735893180.8647795,95
08:00:27:32:1e:62,52:54:00:12:35:02,UDP,10.0.2.15,192.168.253.26,42735,53,N/A,1735893181.454495,87
08:00:27:32:1e:62,52:54:00:12:35:02,UDP,10.0.2.15,192.168.253.26,42735,53,N/A,1735893181.455669,87
08:00:27:32:1e:62,52:54:00:12:35:02,UDP,10.0.2.15,192.168.253.26,44039,53,N/A,1735893181.5173018,97
08:00:27:32:1e:62,52:54:00:12:35:02,UDP,10.0.2.15,192.168.253.26,44039,53,N/A,1735893181.5181315,97
08:00:27:32:1e:62,52:54:00:12:35:02,UDP,10.0.2.15,192.168.253.26,51396,53,N/A,1735893181.5189629,75
08:00:27:32:1e:62,52:54:00:12:35:02,UDP,10.0.2.15,192.168.253.26,51396,53,N/A,1735893181.5195756,75
08:00:27:32:1e:62,52:54:00:12:35:02,UDP,10.0.2.15,192.168.253.26,57024,53,N/A,1735893181.520548,85
08:00:27:32:1e:62,52:54:00:12:35:02,UDP,10.0.2.15,192.168.253.26,57024,53,N/A,1735893181.5213916,85
08:00:27:32:1e:62,52:54:00:12:35:02,UDP,10.0.2.15,192.168.253.26,59123,53,N/A,1735893181.5220866,84
08:00:27:32:1e:62,52:54:00:12:35:02,UDP,10.0.2.15,192.168.253.26,59123,53,N/A,1735893181.5226789,84
08:00:27:32:1e:62,52:54:00:12:35:02,UDP,10.0.2.15,192.168.253.26,55836,53,N/A,1735893181.5254514,71
08:00:27:32:1e:62,52:54:00:12:35:02,UDP,10.0.2.15,192.168.253.26,36336,53,N/A,1735893185.4817588,88
08:00:27:32:1e:62,52:54:00:12:35:02,UDP,10.0.2.15,192.168.253.26,36336,53,N/A,1735893185.4834337,88
08:00:27:32:1e:62,52:54:00:12:35:02,UDP,10.0.2.15,192.168.253.26,44529,53,N/A,1735893185.8724039,95
08:00:27:32:1e:62,52:54:00:12:35:02,UDP,10.0.2.15,192.168.253.26,44529,53,N/A,1735893185.8741913,95
08:00:27:32:1e:62,52:54:00:12:35:02,UDP,10.0.2.15,192.168.253.26,42735,53,N/A,1735893186.4655583,87
08:00:27:32:1e:62,52:54:00:12:35:02,UDP,10.0.2.15,192.168.253.26,42735,53,N/A,1735893186.4684103,87
08:00:27:32:1e:62,52:54:00:12:35:02,UDP,10.0.2.15,192.168.253.26,57024,53,N/A,1735893186.5216975,85
08:00:27:32:1e:62,52:54:00:12:35:02,UDP,10.0.2.15,192.168.253.26,57024,53,N/A,1735893186.5236912,85
08:00:27:32:1e:62,52:54:00:12:35:02,UDP,10.0.2.15,192.168.253.26,44039,53,N/A,1735893186.524957,97
08:00:27:32:1e:62,52:54:00:12:35:02,UDP,10.0.2.15,192.168.253.26,44039,53,N/A,1735893186.5258987,97
08:00:27:32:1e:62,52:54:00:12:35:02,UDP,10.0.2.15,192.168.253.26,51396,53,N/A,1735893186.5267768,75
08:00:27:32:1e:62,52:54:00:12:35:02,UDP,10.0.2.15,192.168.253.26,51396,53,N/A,1735893186.5283682,75
08:00:27:32:1e:62,52:54:00:12:35:02,UDP,10.0.2.15,192.168.253.26,59123,53,N/A,1735893186.5291464,84
08:00:27:32:1e:62,52:54:00:12:35:02,UDP,10.0.2.15,192.168.253.26,59123,53,N/A,1735893186.5301769,84
08:00:27:32:1e:62,52:54:00:12:35:02,UDP,10.0.2.15,192.168.253.26,55836,53,N/A,1735893186.532038,71
08:00:27:32:1e:62,52:54:00:12:35:02,UDP,10.0.2.15,192.168.253.26,33696,53,N/A,1735893190.489221,84
08:00:27:32:1e:62,52:54:00:12:35:02,UDP,10.0.2.15,192.168.253.26,59569,53,N/A,1735893190.8778226,87
08:00:27:32:1e:62,52:54:00:12:35:02,UDP,10.0.2.15,192.168.253.26,59569,53,N/A,1735893190.88024,87
08:00:27:32:1e:62,52:54:00:12:35:02,TCP,10.0.2.15,10.10.253.83,43232,80,S,1735893191.468441,74
08:00:27:32:1e:62,52:54:00:12:35:02,UDP,10.0.2.15,192.168.253.26,45432,53,N/A,1735893191.4692898,88
08:00:27:32:1e:62,52:54:00:12:35:02,UDP,10.0.2.15,192.168.253.26,45432,53,N/A,1735893191.4705746,88
08:00:27:32:1e:62,52:54:00:12:35:02,UDP,10.0.2.15,192.168.253.26,54327,53,N/A,1735893191.5259936,95
08:00:27:32:1e:62,52:54:00:12:35:02,UDP,10.0.2.15,192.168.253.26,54327,53,N/A,1735893191.5307126,95
08:00:27:32:1e:62,52:54:00:12:35:02,UDP,10.0.2.15,192.168.253.26,41636,53,N/A,1735893191.5522642,85
08:00:27:32:1e:62,52:54:00:12:35:02,UDP,10.0.2.15,192.168.253.26,41636,53,N/A,1735893191.5531888,85
08:00:27:32:1e:62,52:54:00:12:35:02,UDP,10.0.2.15,192.168.253.26,52208,53,N/A,1735893191.5557199,97
08:00:27:32:1e:62,52:54:00:12:35:02,UDP,10.0.2.15,192.168.253.26,52208,53,N/A,1735893191.558931,97
08:00:27:32:1e:62,52:54:00:12:35:02,TCP,10.0.2.15,10.10.253.83,43244,80,S,1735893191.717561,74
08:00:27:32:1e:62,52:54:00:12:35:02,TCP,10.0.2.15,10.10.253.83,43232,80,S,1735893192.4737499,74
08:00:27:32:1e:62,52:54:00:12:35:02,TCP,10.0.2.15,10.10.253.83,43244,80,S,1735893192.7264564,74
08:00:27:32:1e:62,52:54:00:12:35:02,TCP,10.0.2.15,10.10.253.83,43232,80,S,1735893193.492535,74
08:00:27:32:1e:62,52:54:00:12:35:02,TCP,10.0.2.15,10.10.253.83,43244,80,S,1735893193.7495246,74
08:00:27:32:1e:62,52:54:00:12:35:02,TCP,10.0.2.15,10.10.253.83,43232,80,S,1735893194.5249882,74
08:00:27:32:1e:62,52:54:00:12:35:02,TCP,10.0.2.15,10.10.253.83,43244,80,S,1735893194.772435,74
08:00:27:32:1e:62,52:54:00:12:35:02,UDP,10.0.2.15,192.168.253.26,33696,53,N/A,1735893195.4907568,84
08:00:27:32:1e:62,52:54:00:12:35:02,TCP,10.0.2.15,10.10.253.83,43232,80,S,1735893195.541309,74
08:00:27:32:1e:62,52:54:00:12:35:02,TCP,10.0.2.15,10.10.253.83,43244,80,S,1735893195.7972698,74
08:00:27:32:1e:62,52:54:00:12:35:02,UDP,10.0.2.15,192.168.253.26,59569,53,N/A,1735893195.8776906,87
08:00:27:32:1e:62,52:54:00:12:35:02,UDP,10.0.2.15,192.168.253.26,59569,53,N/A,1735893195.8784597,87
08:00:27:32:1e:62,52:54:00:12:35:02,UDP,10.0.2.15,192.168.253.26,45432,53,N/A,1735893196.473082,88
08:00:27:32:1e:62,52:54:00:12:35:02,UDP,10.0.2.15,192.168.253.26,45432,53,N/A,1735893196.4741492,88
08:00:27:32:1e:62,52:54:00:12:35:02,UDP,10.0.2.15,192.168.253.26,54327,53,N/A,1735893196.5298474,95
08:00:27:32:1e:62,52:54:00:12:35:02,UDP,10.0.2.15,192.168.253.26,54327,53,N/A,1735893196.53061,95
08:00:27:32:1e:62,52:54:00:12:35:02,UDP,10.0.2.15,192.168.253.26,41636,53,N/A,1735893196.5528545,85
08:00:27:32:1e:62,52:54:00:12:35:02,UDP,10.0.2.15,192.168.253.26,41636,53,N/A,1735893196.5538564,85
08:00:27:32:1e:62,52:54:00:12:35:02,UDP,10.0.2.15,192.168.253.26,52208,53,N/A,1735893196.5611913,97
08:00:27:32:1e:62,52:54:00:12:35:02,UDP,10.0.2.15,192.168.253.26,52208,53,N/A,1735893196.5619059,97
08:00:27:32:1e:62,52:54:00:12:35:02,TCP,10.0.2.15,10.10.253.83,43232,80,S,1735893196.5656986,74
08:00:27:32:1e:62,52:54:00:12:35:02,UDP,10.0.2.15,192.168.253.26,58039,53,N/A,1735893196.748925,75
08:00:27:32:1e:62,52:54:00:12:35:02,UDP,10.0.2.15,192.168.253.26,58039,53,N/A,1735893196.753815,75
08:00:27:32:1e:62,52:54:00:12:35:02,UDP,10.0.2.15,192.168.253.26,38646,53,N/A,1735893200.4932017,84
08:00:27:32:1e:62,52:54:00:12:35:02,UDP,10.0.2.15,192.168.253.26,45721,53,N/A,1735893200.8851717,87
08:00:27:32:1e:62,52:54:00:12:35:02,UDP,10.0.2.15,192.168.253.26,45721,53,N/A,1735893200.8860974,87
08:00:27:32:1e:62,52:54:00:12:35:02,UDP,10.0.2.15,192.168.253.26,45696,53,N/A,1735893201.4812481,88
08:00:27:32:1e:62,52:54:00:12:35:02,UDP,10.0.2.15,192.168.253.26,45696,53,N/A,1735893201.482695,88
08:00:27:32:1e:62,52:54:00:12:35:02,UDP,10.0.2.15,192.168.253.26,52429,53,N/A,1735893201.5331228,95
08:00:27:32:1e:62,52:54:00:12:35:02,UDP,10.0.2.15,192.168.253.26,52429,53,N/A,1735893201.5339346,95
08:00:27:32:1e:62,52:54:00:12:35:02,UDP,10.0.2.15,192.168.253.26,42052,53,N/A,1735893201.560162,85
08:00:27:32:1e:62,52:54:00:12:35:02,UDP,10.0.2.15,192.168.253.26,42052,53,N/A,1735893201.5634427,85
08:00:27:32:1e:62,52:54:00:12:35:02,UDP,10.0.2.15,192.168.253.26,40873,53,N/A,1735893201.5652158,97
08:00:27:32:1e:62,52:54:00:12:35:02,UDP,10.0.2.15,192.168.253.26,40873,53,N/A,1735893201.5659208,97
08:00:27:32:1e:62,52:54:00:12:35:02,UDP,10.0.2.15,192.168.253.26,58039,53,N/A,1735893201.7535183,75
08:00:27:32:1e:62,52:54:00:12:35:02,UDP,10.0.2.15,192.168.253.26,58039,53,N/A,1735893201.7545369,75
08:00:27:32:1e:62,52:54:00:12:35:02,UDP,10.0.2.15,192.168.253.26,38646,53,N/A,1735893205.4937634,84
08:00:27:32:1e:62,52:54:00:12:35:02,UDP,10.0.2.15,192.168.253.26,45721,53,N/A,1735893205.8918622,87
08:00:27:32:1e:62,52:54:00:12:35:02,UDP,10.0.2.15,192.168.253.26,45721,53,N/A,1735893205.893111,87
08:00:27:32:1e:62,52:54:00:12:35:02,UDP,10.0.2.15,192.168.253.26,45696,53,N/A,1735893206.489103,88
08:00:27:32:1e:62,52:54:00:12:35:02,UDP,10.0.2.15,192.168.253.26,45696,53,N/A,1735893206.4898503,88
08:00:27:32:1e:62,52:54:00:12:35:02,UDP,10.0.2.15,192.168.253.26,52429,53,N/A,1735893206.5400136,95
08:00:27:32:1e:62,52:54:00:12:35:02,UDP,10.0.2.15,192.168.253.26,52429,53,N/A,1735893206.5442598,95
08:00:27:32:1e:62,52:54:00:12:35:02,UDP,10.0.2.15,192.168.253.26,42052,53,N/A,1735893206.564891,85
08:00:27:32:1e:62,52:54:00:12:35:02,UDP,10.0.2.15,192.168.253.26,42052,53,N/A,1735893206.566737,85
08:00:27:32:1e:62,52:54:00:12:35:02,UDP,10.0.2.15,192.168.253.26,40873,53,N/A,1735893206.5708778,97
08:00:27:32:1e:62,52:54:00:12:35:02,UDP,10.0.2.15,192.168.253.26,40873,53,N/A,1735893206.5714493,97
08:00:27:32:1e:62,52:54:00:12:35:02,UDP,10.0.2.15,192.168.253.26,49171,53,N/A,1735893206.7572331,75
08:00:27:32:1e:62,52:54:00:12:35:02,UDP,10.0.2.15,192.168.253.26,49171,53,N/A,1735893206.758276,75
08:00:27:32:1e:62,52:54:00:12:35:02,UDP,10.0.2.15,192.168.253.26,49171,53,N/A,1735893211.7610052,75
08:00:27:32:1e:62,52:54:00:12:35:02,UDP,10.0.2.15,192.168.253.26,49171,53,N/A,1735893211.7614462,75
08:00:27:32:1e:62,52:54:00:12:35:02,UDP,10.0.2.15,192.168.253.26,56530,53,N/A,1735893216.5342016,85
08:00:27:32:1e:62,52:54:00:12:35:02,UDP,10.0.2.15,192.168.253.26,56530,53,N/A,1735893216.5346344,85
08:00:27:32:1e:62,52:54:00:12:35:02,UDP,10.0.2.15,192.168.253.26,38708,53,N/A,1735893216.9680893,79
08:00:27:32:1e:62,52:54:00:12:35:02,UDP,10.0.2.15,192.168.253.26,38708,53,N/A,1735893216.9693139,79
08:00:27:32:1e:62,52:54:00:12:35:02,UDP,10.0.2.15,192.168.253.26,56530,53,N/A,1735893221.5410504,85
08:00:27:32:1e:62,52:54:00:12:35:02,UDP,10.0.2.15,192.168.253.26,56530,53,N/A,1735893221.542018,85
08:00:27:32:1e:62,52:54:00:12:35:02,UDP,10.0.2.15,192.168.253.26,38708,53,N/A,1735893221.97278,79
08:00:27:32:1e:62,52:54:00:12:35:02,UDP,10.0.2.15,192.168.253.26,38708,53,N/A,1735893221.9735363,79
08:00:27:32:1e:62,52:54:00:12:35:02,UDP,10.0.2.15,192.168.253.26,54461,53,N/A,1735893226.5463634,85
08:00:27:32:1e:62,52:54:00:12:35:02,UDP,10.0.2.15,192.168.253.26,54461,53,N/A,1735893226.5479665,85
08:00:27:32:1e:62,52:54:00:12:35:02,UDP,10.0.2.15,192.168.253.26,43192,53,N/A,1735893226.9815729,79
08:00:27:32:1e:62,52:54:00:12:35:02,UDP,10.0.2.15,192.168.253.26,43192,53,N/A,1735893226.9830256,79
08:00:27:32:1e:62,52:54:00:12:35:02,UDP,10.0.2.15,192.168.253.26,54461,53,N/A,1735893231.5526102,85
08:00:27:32:1e:62,52:54:00:12:35:02,UDP,10.0.2.15,192.168.253.26,54461,53,N/A,1735893231.5532691,85
08:00:27:32:1e:62,52:54:00:12:35:02,UDP,10.0.2.15,192.168.253.26,43192,53,N/A,1735893231.988729,79
08:00:27:32:1e:62,52:54:00:12:35:02,UDP,10.0.2.15,192.168.253.26,43192,53,N/A,1735893231.9895608,79
08:00:27:32:1e:62,52:54:00:12:35:02,UDP,10.0.2.15,192.168.253.26,57135,53,N/A,1735893236.56191,85
08:00:27:32:1e:62,52:54:00:12:35:02,UDP,10.0.2.15,192.168.253.26,57135,53,N/A,1735893236.5640035,85
08:00:27:32:1e:62,52:54:00:12:35:02,UDP,10.0.2.15,192.168.253.26,57135,53,N/A,1735893241.5659509,85
08:00:27:32:1e:62,52:54:00:12:35:02,UDP,10.0.2.15,192.168.253.26,57135,53,N/A,1735893241.5667703,85
08:00:27:32:1e:62,52:54:00:12:35:02,UDP,10.0.2.15,192.168.253.26,55211,53,N/A,1735893246.569385,85
08:00:27:32:1e:62,52:54:00:12:35:02,UDP,10.0.2.15,192.168.253.26,55211,53,N/A,1735893246.5699625,85
08:00:27:32:1e:62,52:54:00:12:35:02,UDP,10.0.2.15,192.168.253.26,55211,53,N/A,1735893251.574493,85
08:00:27:32:1e:62,52:54:00:12:35:02,UDP,10.0.2.15,192.168.253.26,55211,53,N/A,1735893251.5767415,85
08:00:27:32:1e:62,52:54:00:12:35:02,UDP,10.0.2.15,192.168.253.26,40764,53,N/A,1735893266.5673897,85
08:00:27:32:1e:62,52:54:00:12:35:02,UDP,10.0.2.15,192.168.253.26,40764,53,N/A,1735893266.5695453,85
08:00:27:32:1e:62,52:54:00:12:35:02,UDP,10.0.2.15,192.168.253.26,40764,53,N/A,1735893271.5775006,85
08:00:27:32:1e:62,52:54:00:12:35:02,UDP,10.0.2.15,192.168.253.26,40764,53,N/A,1735893271.5783653,85
08:00:27:32:1e:62,52:54:00:12:35:02,UDP,10.0.2.15,192.168.253.26,57836,53,N/A,1735893276.5846229,85
08:00:27:32:1e:62,52:54:00:12:35:02,UDP,10.0.2.15,192.168.253.26,57836,53,N/A,1735893276.5852807,85
08:00:27:32:1e:62,52:54:00:12:35:02,UDP,10.0.2.15,192.168.253.26,57836,53,N/A,1735893281.5892692,85
08:00:27:32:1e:62,52:54:00:12:35:02,UDP,10.0.2.15,192.168.253.26,57836,53,N/A,1735893281.5901587,85
08:00:27:32:1e:62,52:54:00:12:35:02,UDP,10.0.2.15,192.168.253.26,60989,53,N/A,1735893286.59906,85
08:00:27:32:1e:62,52:54:00:12:35:02,UDP,10.0.2.15,192.168.253.26,60989,53,N/A,1735893286.6007593,85
08:00:27:32:1e:62,52:54:00:12:35:02,UDP,10.0.2.15,192.168.253.26,60989,53,N/A,1735893291.6011314,85
08:00:27:32:1e:62,52:54:00:12:35:02,UDP,10.0.2.15,192.168.253.26,60989,53,N/A,1735893291.6020777,85
08:00:27:32:1e:62,52:54:00:12:35:02,UDP,10.0.2.15,192.168.253.26,38203,53,N/A,1735893296.6068451,85
08:00:27:32:1e:62,52:54:00:12:35:02,UDP,10.0.2.15,192.168.253.26,38203,53,N/A,1735893296.6080148,85
08:00:27:32:1e:62,52:54:00:12:35:02,UDP,10.0.2.15,192.168.253.26,38203,53,N/A,1735893301.610933,85
08:00:27:32:1e:62,52:54:00:12:35:02,UDP,10.0.2.15,192.168.253.26,38203,53,N/A,1735893301.6122766,85
08:00:27:32:1e:62,52:54:00:12:35:02,UDP,10.0.2.15,192.168.253.26,35931,53,N/A,1735893302.0464997,75
08:00:27:32:1e:62,52:54:00:12:35:02,UDP,10.0.2.15,192.168.253.26,35931,53,N/A,1735893302.0476,75
08:00:27:32:1e:62,52:54:00:12:35:02,UDP,10.0.2.15,192.168.253.26,35931,53,N/A,1735893307.0526683,75
08:00:27:32:1e:62,52:54:00:12:35:02,UDP,10.0.2.15,192.168.253.26,35931,53,N/A,1735893307.0533328,75
08:00:27:32:1e:62,52:54:00:12:35:02,UDP,10.0.2.15,192.168.253.26,48443,53,N/A,1735893312.0590882,75
08:00:27:32:1e:62,52:54:00:12:35:02,UDP,10.0.2.15,192.168.253.26,48443,53,N/A,1735893312.0607502,75
08:00:27:32:1e:62,52:54:00:12:35:02,UDP,10.0.2.15,192.168.253.26,48443,53,N/A,1735893317.0643642,75
08:00:27:32:1e:62,52:54:00:12:35:02,UDP,10.0.2.15,192.168.253.26,48443,53,N/A,1735893317.0654743,75
08:00:27:32:1e:62,52:54:00:12:35:02,UDP,10.0.2.15,192.168.253.26,54252,53,N/A,1735893322.0717165,75
08:00:27:32:1e:62,52:54:00:12:35:02,UDP,10.0.2.15,192.168.253.26,54252,53,N/A,1735893322.072737,75
08:00:27:32:1e:62,52:54:00:12:35:02,UDP,10.0.2.15,192.168.253.26,40659,53,N/A,1735893326.726426,85
08:00:27:32:1e:62,52:54:00:12:35:02,UDP,10.0.2.15,192.168.253.26,40659,53,N/A,1735893326.7271864,85
08:00:27:32:1e:62,52:54:00:12:35:02,UDP,10.0.2.15,192.168.253.26,54252,53,N/A,1735893327.0793214,75
08:00:27:32:1e:62,52:54:00:12:35:02,UDP,10.0.2.15,192.168.253.26,54252,53,N/A,1735893327.0815804,75
08:00:27:32:1e:62,52:54:00:12:35:02,UDP,10.0.2.15,192.168.253.26,40659,53,N/A,1735893331.7331462,85
08:00:27:32:1e:62,52:54:00:12:35:02,UDP,10.0.2.15,192.168.253.26,40659,53,N/A,1735893331.734016,85
08:00:27:32:1e:62,52:54:00:12:35:02,UDP,10.0.2.15,192.168.253.26,56362,53,N/A,1735893332.090663,75
08:00:27:32:1e:62,52:54:00:12:35:02,UDP,10.0.2.15,192.168.253.26,56362,53,N/A,1735893332.0971541,75
08:00:27:32:1e:62,52:54:00:12:35:02,UDP,10.0.2.15,192.168.253.26,38445,53,N/A,1735893336.7367687,85
08:00:27:32:1e:62,52:54:00:12:35:02,UDP,10.0.2.15,192.168.253.26,38445,53,N/A,1735893336.7385187,85
08:00:27:32:1e:62,52:54:00:12:35:02,UDP,10.0.2.15,192.168.253.26,56362,53,N/A,1735893337.0966053,75
08:00:27:32:1e:62,52:54:00:12:35:02,UDP,10.0.2.15,192.168.253.26,56362,53,N/A,1735893337.1370795,75
08:00:27:32:1e:62,52:54:00:12:35:02,UDP,10.0.2.15,192.168.253.26,38445,53,N/A,1735893341.746904,85
08:00:27:32:1e:62,52:54:00:12:35:02,UDP,10.0.2.15,192.168.253.26,38445,53,N/A,1735893341.7489004,85
08:00:27:32:1e:62,52:54:00:12:35:02,UDP,10.0.2.15,192.168.253.26,33259,53,N/A,1735893342.240268,79
08:00:27:32:1e:62,52:54:00:12:35:02,UDP,10.0.2.15,192.168.253.26,33259,53,N/A,1735893342.2428048,79
08:00:27:32:1e:62,52:54:00:12:35:02,UDP,10.0.2.15,192.168.253.26,42160,53,N/A,1735893346.7618542,85
08:00:27:32:1e:62,52:54:00:12:35:02,UDP,10.0.2.15,192.168.253.26,42160,53,N/A,1735893346.7625573,85
08:00:27:32:1e:62,52:54:00:12:35:02,UDP,10.0.2.15,192.168.253.26,33259,53,N/A,1735893347.246162,79
08:00:27:32:1e:62,52:54:00:12:35:02,UDP,10.0.2.15,192.168.253.26,33259,53,N/A,1735893347.2482793,79
08:00:27:32:1e:62,52:54:00:12:35:02,UDP,10.0.2.15,192.168.253.26,42160,53,N/A,1735893351.7712417,85
08:00:27:32:1e:62,52:54:00:12:35:02,UDP,10.0.2.15,192.168.253.26,42160,53,N/A,1735893351.7719553,85
08:00:27:32:1e:62,52:54:00:12:35:02,UDP,10.0.2.15,192.168.253.26,43491,53,N/A,1735893352.2493885,79
08:00:27:32:1e:62,52:54:00:12:35:02,UDP,10.0.2.15,192.168.253.26,43491,53,N/A,1735893352.2500043,79
08:00:27:32:1e:62,52:54:00:12:35:02,UDP,10.0.2.15,192.168.253.26,32822,53,N/A,1735893356.778375,85
08:00:27:32:1e:62,52:54:00:12:35:02,UDP,10.0.2.15,192.168.253.26,32822,53,N/A,1735893356.7796917,85
08:00:27:32:1e:62,52:54:00:12:35:02,UDP,10.0.2.15,192.168.253.26,43491,53,N/A,1735893357.252984,79
08:00:27:32:1e:62,52:54:00:12:35:02,UDP,10.0.2.15,192.168.253.26,43491,53,N/A,1735893357.2541895,79
08:00:27:32:1e:62,52:54:00:12:35:02,UDP,10.0.2.15,192.168.253.26,32822,53,N/A,1735893361.7813234,85
08:00:27:32:1e:62,52:54:00:12:35:02,UDP,10.0.2.15,192.168.253.26,32822,53,N/A,1735893361.7824101,85
08:00:27:32:1e:62,52:54:00:12:35:02,UDP,10.0.2.15,192.168.253.26,47350,53,N/A,1735893406.765487,85
08:00:27:32:1e:62,52:54:00:12:35:02,UDP,10.0.2.15,192.168.253.26,47350,53,N/A,1735893406.7682505,85
08:00:27:32:1e:62,52:54:00:12:35:02,UDP,10.0.2.15,192.168.253.26,47350,53,N/A,1735893411.7647622,85
08:00:27:32:1e:62,52:54:00:12:35:02,UDP,10.0.2.15,192.168.253.26,47350,53,N/A,1735893411.7658405,85
08:00:27:32:1e:62,52:54:00:12:35:02,UDP,10.0.2.15,192.168.253.26,52511,53,N/A,1735893416.7700312,85
08:00:27:32:1e:62,52:54:00:12:35:02,UDP,10.0.2.15,192.168.253.26,52511,53,N/A,1735893416.7709131,85
08:00:27:32:1e:62,52:54:00:12:35:02,UDP,10.0.2.15,192.168.253.26,52511,53,N/A,1735893421.778924,85
08:00:27:32:1e:62,52:54:00:12:35:02,UDP,10.0.2.15,192.168.253.26,52511,53,N/A,1735893421.7817943,85
08:00:27:32:1e:62,52:54:00:12:35:02,UDP,10.0.2.15,192.168.253.26,58577,53,N/A,1735893426.7859676,85
08:00:27:32:1e:62,52:54:00:12:35:02,UDP,10.0.2.15,192.168.253.26,58577,53,N/A,1735893426.7871776,85
08:00:27:32:1e:62,52:54:00:12:35:02,UDP,10.0.2.15,192.168.253.26,58577,53,N/A,1735893431.7927349,85
08:00:27:32:1e:62,52:54:00:12:35:02,UDP,10.0.2.15,192.168.253.26,58577,53,N/A,1735893431.7937047,85
08:00:27:32:1e:62,52:54:00:12:35:02,UDP,10.0.2.15,192.168.253.26,38060,53,N/A,1735893436.7971299,85
08:00:27:32:1e:62,52:54:00:12:35:02,UDP,10.0.2.15,192.168.253.26,38060,53,N/A,1735893436.797978,85
08:00:27:32:1e:62,52:54:00:12:35:02,UDP,10.0.2.15,192.168.253.26,38060,53,N/A,1735893441.8008842,85
08:00:27:32:1e:62,52:54:00:12:35:02,UDP,10.0.2.15,192.168.253.26,38060,53,N/A,1735893441.8019724,85
08:00:27:32:1e:62,52:54:00:12:35:02,UDP,10.0.2.15,192.168.253.26,51597,53,N/A,1735893450.4455438,88
08:00:27:32:1e:62,52:54:00:12:35:02,UDP,10.0.2.15,192.168.253.26,51597,53,N/A,1735893450.4472618,88
08:00:27:32:1e:62,52:54:00:12:35:02,UDP,10.0.2.15,192.168.253.26,51597,53,N/A,1735893455.4500093,88
08:00:27:32:1e:62,52:54:00:12:35:02,UDP,10.0.2.15,192.168.253.26,51597,53,N/A,1735893455.4510548,88
08:00:27:32:1e:62,52:54:00:12:35:02,UDP,10.0.2.15,192.168.253.26,56640,53,N/A,1735893460.4541516,88
08:00:27:32:1e:62,52:54:00:12:35:02,UDP,10.0.2.15,192.168.253.26,56640,53,N/A,1735893460.4549525,88
08:00:27:32:1e:62,52:54:00:12:35:02,UDP,10.0.2.15,192.168.253.26,56640,53,N/A,1735893465.4568114,88
08:00:27:32:1e:62,52:54:00:12:35:02,UDP,10.0.2.15,192.168.253.26,56640,53,N/A,1735893465.4577005,88
08:00:27:32:1e:62,52:54:00:12:35:02,UDP,10.0.2.15,192.168.253.26,46389,53,N/A,1735893470.4627924,88
08:00:27:32:1e:62,52:54:00:12:35:02,UDP,10.0.2.15,192.168.253.26,46389,53,N/A,1735893470.4639306,88
